Subject,POS_MAE,POS_RMSE,POS_R,CHROM_MAE,CHROM_RMSE,CHROM_R
1,2.0,2.34,0.9178,2.05,2.39,0.9112
3,9.6,11.57,-0.066,9.65,11.58,-0.0227
4,9.78,13.02,-0.5747,9.97,13.33,-0.5921
5,0.63,0.77,0.9745,0.71,0.82,0.9679
8,2.02,2.84,0.8814,2.08,2.91,0.883
9,5.22,5.51,0.6784,5.25,5.47,0.6755
10,2.54,2.92,0.9555,2.52,2.9,0.9561
11,30.76,55.5,-0.612,30.85,55.51,-0.6046
12,4.29,5.61,-0.4205,3.21,4.82,-0.7439
13,1.85,2.07,0.9513,1.73,2.01,0.9538
14,9.77,13.46,-0.582,9.88,13.55,-0.3081
15,2.95,3.77,0.7549,3.18,3.9,0.7877
16,2.63,4.63,-0.0461,2.52,4.6,-0.0777
17,8.43,15.58,-0.1597,8.34,15.55,-0.1582
18,18.82,36.96,-0.2336,18.85,36.94,-0.2242
20,74.55,87.19,-0.7484,74.58,87.21,-0.7468
22,1.85,2.29,0.9493,1.9,2.38,0.9473
23,2.85,3.74,0.3151,2.81,3.7,0.3293
24,26.34,39.61,-0.6941,25.05,39.44,-0.7347
25,2.49,2.85,0.2717,2.4,2.8,0.2837
26,3.83,4.61,-0.2821,3.82,4.57,-0.2612
27,7.49,10.32,0.6777,7.32,10.26,0.6705
30,6.18,8.63,0.9415,6.79,9.52,0.8747
31,1.81,2.54,0.1687,1.88,2.65,0.1277
32,10.62,21.37,0.5156,4.34,6.14,0.8144
33,3.83,4.42,0.2163,4.09,4.69,0.4469
34,1.68,1.75,0.7133,1.85,1.9,0.6801
35,1.7,2.01,0.991,1.71,2.07,0.9904
36,2.46,2.97,0.9428,2.49,2.97,0.9427
37,4.66,5.93,-0.8073,4.29,5.51,-0.7681
38,0.51,0.54,0.9967,0.47,0.48,0.9966
39,2.12,2.93,0.3233,2.13,2.85,0.327
40,1.58,2.09,0.8105,1.61,2.09,0.8053
41,4.05,7.05,0.7479,3.94,7.13,0.7387
42,1.93,2.89,0.9225,1.86,2.77,0.9297
43,3.93,4.74,-0.3689,3.91,4.73,-0.3702
44,10.41,15.16,-0.3171,5.34,5.58,-0.1092
45,5.26,7.89,0.1628,5.21,8.07,0.1663
46,3.63,3.72,0.988,3.66,3.74,0.9883
47,1.34,1.62,0.9943,1.24,1.61,0.993
48,1.06,1.14,0.6559,1.03,1.11,0.6627
49,1.47,1.56,0.7796,1.47,1.55,0.7811
